medio,Heap,Quick,Shell
50000,0.61089,0.44331,0.65292
100000,1.34302,0.93761,1.49029
500000,7.76350,5.01390,10.37809
