pior,Heap,Quick,Shell
50000,0.53615,0.41137,0.27725
100000,1.13496,0.85896,0.59009
500000,6.28293,4.46352,3.17710
