melhor,Heap,Quick,Shell
50000,0.57657,0.42782,0.17244
100000,1.22789,0.85980,0.36199
500000,6.70795,4.50282,1.98534
