pior,Heap,Quick,Shell
50000,1.25361,0.98008,0.65664
100000,2.64050,1.59110,1.12005
500000,10.48450,8.83264,5.57095
