melhor,Heap,Quick,Shell
50000,1.78096,1.26722,0.56578
100000,2.82331,1.83107,0.96425
500000,11.46178,7.95973,3.55115
