medio,Heap,Quick,Shell
50000,1.18399,0.99155,1.43306
100000,3.17329,1.86501,2.60189
500000,13.20231,8.47488,18.15181
